filePath,lineCoverage,content
./playground_data/tennis-game/tennis-game.cpp,./playground_data/tennis-game/tennis-game.cpp,"(22, 56)"
./playground_data/tennis-game/Arduino/Arduino.cpp,./playground_data/tennis-game/Arduino/Arduino.cpp,"(5, 5)"
./playground_data/tennis-game/Arduino/Arduino.cpp,./playground_data/tennis-game/Arduino/Arduino.cpp,"(6, 6)"
./playground_data/tennis-game/Arduino/Arduino.cpp,./playground_data/tennis-game/Arduino/Arduino.cpp,"(7, 9)"
./playground_data/tennis-game/Arduino/Arduino.cpp,./playground_data/tennis-game/Arduino/Arduino.cpp,"(10, 13)"
./playground_data/tennis-game/Arduino/Arduino.cpp,./playground_data/tennis-game/Arduino/Arduino.cpp,"(15, 17)"
./playground_data/tennis-game/Arduino/Arduino.h,./playground_data/tennis-game/Arduino/Arduino.h,"(12, 19)"
./playground_data/tennis-game/BatteryTest/BatteryTest.cpp,./playground_data/tennis-game/BatteryTest/BatteryTest.cpp,"(3, 8)"
./playground_data/tennis-game/BatteryTest/BatteryTest.cpp,./playground_data/tennis-game/BatteryTest/BatteryTest.cpp,"(9, 9)"
./playground_data/tennis-game/BatteryTest/BatteryTest.cpp,./playground_data/tennis-game/BatteryTest/BatteryTest.cpp,"(11, 39)"
./playground_data/tennis-game/BatteryTest/BatteryTest.cpp,./playground_data/tennis-game/BatteryTest/BatteryTest.cpp,"(41, 47)"
./playground_data/tennis-game/BatteryTest/BatteryTest.cpp,./playground_data/tennis-game/BatteryTest/BatteryTest.cpp,"(49, 56)"
./playground_data/tennis-game/BatteryTest/BatteryTest.cpp,./playground_data/tennis-game/BatteryTest/BatteryTest.cpp,"(58, 72)"
./playground_data/tennis-game/BatteryTest/BatteryTest.h,./playground_data/tennis-game/BatteryTest/BatteryTest.h,"(10, 27)"
./playground_data/tennis-game/CanvasCreator/CanvasCreator.cpp,./playground_data/tennis-game/CanvasCreator/CanvasCreator.cpp,"(3, 4)"
./playground_data/tennis-game/CanvasCreator/CanvasCreator.cpp,./playground_data/tennis-game/CanvasCreator/CanvasCreator.cpp,"(6, 12)"
./playground_data/tennis-game/CanvasCreator/CanvasCreator.h,./playground_data/tennis-game/CanvasCreator/CanvasCreator.h,"(6, 13)"
./playground_data/tennis-game/FontLoader/FontLoader.cpp,./playground_data/tennis-game/FontLoader/FontLoader.cpp,"(3, 3)"
./playground_data/tennis-game/FontLoader/FontLoader.cpp,./playground_data/tennis-game/FontLoader/FontLoader.cpp,"(5, 11)"
./playground_data/tennis-game/FontLoader/FontLoader.h,./playground_data/tennis-game/FontLoader/FontLoader.h,"(6, 14)"
./playground_data/tennis-game/GameLeds/GameLeds.cpp,./playground_data/tennis-game/GameLeds/GameLeds.cpp,"(3, 5)"
./playground_data/tennis-game/GameLeds/GameLeds.cpp,./playground_data/tennis-game/GameLeds/GameLeds.cpp,"(7, 9)"
./playground_data/tennis-game/GameLeds/GameLeds.cpp,./playground_data/tennis-game/GameLeds/GameLeds.cpp,"(11, 11)"
./playground_data/tennis-game/GameLeds/GameLeds.cpp,./playground_data/tennis-game/GameLeds/GameLeds.cpp,"(13, 17)"
./playground_data/tennis-game/GameLeds/GameLeds.h,./playground_data/tennis-game/GameLeds/GameLeds.h,"(11, 24)"
./playground_data/tennis-game/GameLedTranslator/GameLedTranslator.cpp,./playground_data/tennis-game/GameLedTranslator/GameLedTranslator.cpp,"(3, 3)"
./playground_data/tennis-game/GameLedTranslator/GameLedTranslator.cpp,./playground_data/tennis-game/GameLedTranslator/GameLedTranslator.cpp,"(4, 5)"
./playground_data/tennis-game/GameLedTranslator/GameLedTranslator.cpp,./playground_data/tennis-game/GameLedTranslator/GameLedTranslator.cpp,"(7, 7)"
./playground_data/tennis-game/GameLedTranslator/GameLedTranslator.cpp,./playground_data/tennis-game/GameLedTranslator/GameLedTranslator.cpp,"(9, 355)"
./playground_data/tennis-game/GameLedTranslator/GameLedTranslator.h,./playground_data/tennis-game/GameLedTranslator/GameLedTranslator.h,"(10, 22)"
./playground_data/tennis-game/GameModes/GameModes.cpp,./playground_data/tennis-game/GameModes/GameModes.cpp,"(3, 5)"
./playground_data/tennis-game/GameModes/GameModes.cpp,./playground_data/tennis-game/GameModes/GameModes.cpp,"(7, 28)"
./playground_data/tennis-game/GameModes/GameModes.cpp,./playground_data/tennis-game/GameModes/GameModes.cpp,"(30, 34)"
./playground_data/tennis-game/GameModes/GameModes.cpp,./playground_data/tennis-game/GameModes/GameModes.cpp,"(36, 59)"
./playground_data/tennis-game/GameModes/GameModes.cpp,./playground_data/tennis-game/GameModes/GameModes.cpp,"(61, 78)"
./playground_data/tennis-game/GameModes/GameModes.cpp,./playground_data/tennis-game/GameModes/GameModes.cpp,"(80, 87)"
./playground_data/tennis-game/GameModes/GameModes.cpp,./playground_data/tennis-game/GameModes/GameModes.cpp,"(89, 96)"
./playground_data/tennis-game/GameModes/GameModes.cpp,./playground_data/tennis-game/GameModes/GameModes.cpp,"(98, 98)"
./playground_data/tennis-game/GameModes/GameModes.cpp,./playground_data/tennis-game/GameModes/GameModes.cpp,"(100, 106)"
./playground_data/tennis-game/GameModes/GameModes.cpp,./playground_data/tennis-game/GameModes/GameModes.cpp,"(108, 290)"
./playground_data/tennis-game/GameModes/GameModes.h,./playground_data/tennis-game/GameModes/GameModes.h,"(22, 22)"
./playground_data/tennis-game/GameModes/GameModes.h,./playground_data/tennis-game/GameModes/GameModes.h,"(27, 61)"
./playground_data/tennis-game/GameObject/GameObject.cpp,./playground_data/tennis-game/GameObject/GameObject.cpp,"(7, 27)"
./playground_data/tennis-game/GameObject/GameObject.cpp,./playground_data/tennis-game/GameObject/GameObject.cpp,"(29, 51)"
./playground_data/tennis-game/GameObject/GameObject.cpp,./playground_data/tennis-game/GameObject/GameObject.cpp,"(53, 53)"
./playground_data/tennis-game/GameObject/GameObject.cpp,./playground_data/tennis-game/GameObject/GameObject.cpp,"(54, 54)"
./playground_data/tennis-game/GameObject/GameObject.cpp,./playground_data/tennis-game/GameObject/GameObject.cpp,"(57, 68)"
./playground_data/tennis-game/GameObject/GameObject.cpp,./playground_data/tennis-game/GameObject/GameObject.cpp,"(70, 79)"
./playground_data/tennis-game/GameObject/GameObject.cpp,./playground_data/tennis-game/GameObject/GameObject.cpp,"(81, 81)"
./playground_data/tennis-game/GameObject/GameObject.cpp,./playground_data/tennis-game/GameObject/GameObject.cpp,"(83, 83)"
./playground_data/tennis-game/GameObject/GameObject.cpp,./playground_data/tennis-game/GameObject/GameObject.cpp,"(85, 85)"
./playground_data/tennis-game/GameObject/GameObject.h,./playground_data/tennis-game/GameObject/GameObject.h,"(22, 59)"
./playground_data/tennis-game/GameState/GameState.cpp,./playground_data/tennis-game/GameState/GameState.cpp,"(3, 3)"
./playground_data/tennis-game/GameState/GameState.cpp,./playground_data/tennis-game/GameState/GameState.cpp,"(4, 29)"
./playground_data/tennis-game/GameState/GameState.cpp,./playground_data/tennis-game/GameState/GameState.cpp,"(31, 31)"
./playground_data/tennis-game/GameState/GameState.cpp,./playground_data/tennis-game/GameState/GameState.cpp,"(32, 32)"
./playground_data/tennis-game/GameState/GameState.cpp,./playground_data/tennis-game/GameState/GameState.cpp,"(33, 33)"
./playground_data/tennis-game/GameState/GameState.cpp,./playground_data/tennis-game/GameState/GameState.cpp,"(34, 34)"
./playground_data/tennis-game/GameState/GameState.cpp,./playground_data/tennis-game/GameState/GameState.cpp,"(35, 35)"
./playground_data/tennis-game/GameState/GameState.cpp,./playground_data/tennis-game/GameState/GameState.cpp,"(36, 36)"
./playground_data/tennis-game/GameState/GameState.cpp,./playground_data/tennis-game/GameState/GameState.cpp,"(37, 37)"
./playground_data/tennis-game/GameState/GameState.cpp,./playground_data/tennis-game/GameState/GameState.cpp,"(38, 38)"
./playground_data/tennis-game/GameState/GameState.cpp,./playground_data/tennis-game/GameState/GameState.cpp,"(39, 39)"
./playground_data/tennis-game/GameState/GameState.cpp,./playground_data/tennis-game/GameState/GameState.cpp,"(40, 40)"
./playground_data/tennis-game/GameState/GameState.cpp,./playground_data/tennis-game/GameState/GameState.cpp,"(41, 41)"
./playground_data/tennis-game/GameState/GameState.cpp,./playground_data/tennis-game/GameState/GameState.cpp,"(42, 42)"
./playground_data/tennis-game/GameState/GameState.cpp,./playground_data/tennis-game/GameState/GameState.cpp,"(43, 43)"
./playground_data/tennis-game/GameState/GameState.cpp,./playground_data/tennis-game/GameState/GameState.cpp,"(44, 44)"
./playground_data/tennis-game/GameState/GameState.cpp,./playground_data/tennis-game/GameState/GameState.cpp,"(45, 45)"
./playground_data/tennis-game/GameState/GameState.cpp,./playground_data/tennis-game/GameState/GameState.cpp,"(46, 46)"
./playground_data/tennis-game/GameState/GameState.cpp,./playground_data/tennis-game/GameState/GameState.cpp,"(47, 47)"
./playground_data/tennis-game/GameState/GameState.cpp,./playground_data/tennis-game/GameState/GameState.cpp,"(48, 48)"
./playground_data/tennis-game/GameState/GameState.cpp,./playground_data/tennis-game/GameState/GameState.cpp,"(49, 49)"
./playground_data/tennis-game/GameState/GameState.cpp,./playground_data/tennis-game/GameState/GameState.cpp,"(50, 50)"
./playground_data/tennis-game/GameState/GameState.cpp,./playground_data/tennis-game/GameState/GameState.cpp,"(51, 51)"
./playground_data/tennis-game/GameState/GameState.cpp,./playground_data/tennis-game/GameState/GameState.cpp,"(52, 52)"
./playground_data/tennis-game/GameState/GameState.cpp,./playground_data/tennis-game/GameState/GameState.cpp,"(53, 53)"
./playground_data/tennis-game/GameState/GameState.cpp,./playground_data/tennis-game/GameState/GameState.cpp,"(54, 54)"
./playground_data/tennis-game/GameState/GameState.cpp,./playground_data/tennis-game/GameState/GameState.cpp,"(55, 55)"
./playground_data/tennis-game/GameState/GameState.cpp,./playground_data/tennis-game/GameState/GameState.cpp,"(56, 56)"
./playground_data/tennis-game/GameState/GameState.cpp,./playground_data/tennis-game/GameState/GameState.cpp,"(57, 57)"
./playground_data/tennis-game/GameState/GameState.cpp,./playground_data/tennis-game/GameState/GameState.cpp,"(58, 58)"
./playground_data/tennis-game/GameState/GameState.cpp,./playground_data/tennis-game/GameState/GameState.cpp,"(59, 59)"
./playground_data/tennis-game/GameState/GameState.cpp,./playground_data/tennis-game/GameState/GameState.cpp,"(60, 60)"
./playground_data/tennis-game/GameState/GameState.cpp,./playground_data/tennis-game/GameState/GameState.cpp,"(61, 61)"
./playground_data/tennis-game/GameState/GameState.cpp,./playground_data/tennis-game/GameState/GameState.cpp,"(62, 62)"
./playground_data/tennis-game/GameState/GameState.cpp,./playground_data/tennis-game/GameState/GameState.cpp,"(63, 63)"
./playground_data/tennis-game/GameState/GameState.cpp,./playground_data/tennis-game/GameState/GameState.cpp,"(64, 64)"
./playground_data/tennis-game/GameState/GameState.cpp,./playground_data/tennis-game/GameState/GameState.cpp,"(65, 65)"
./playground_data/tennis-game/GameState/GameState.cpp,./playground_data/tennis-game/GameState/GameState.cpp,"(66, 66)"
./playground_data/tennis-game/GameState/GameState.cpp,./playground_data/tennis-game/GameState/GameState.cpp,"(67, 67)"
./playground_data/tennis-game/GameState/GameState.cpp,./playground_data/tennis-game/GameState/GameState.cpp,"(68, 68)"
./playground_data/tennis-game/GameState/GameState.cpp,./playground_data/tennis-game/GameState/GameState.cpp,"(69, 69)"
./playground_data/tennis-game/GameState/GameState.cpp,./playground_data/tennis-game/GameState/GameState.cpp,"(70, 70)"
./playground_data/tennis-game/GameState/GameState.cpp,./playground_data/tennis-game/GameState/GameState.cpp,"(71, 71)"
./playground_data/tennis-game/GameState/GameState.cpp,./playground_data/tennis-game/GameState/GameState.cpp,"(72, 72)"
./playground_data/tennis-game/GameState/GameState.cpp,./playground_data/tennis-game/GameState/GameState.cpp,"(73, 73)"
./playground_data/tennis-game/GameState/GameState.cpp,./playground_data/tennis-game/GameState/GameState.cpp,"(74, 74)"
./playground_data/tennis-game/GameState/GameState.cpp,./playground_data/tennis-game/GameState/GameState.cpp,"(75, 75)"
./playground_data/tennis-game/GameState/GameState.cpp,./playground_data/tennis-game/GameState/GameState.cpp,"(76, 76)"
./playground_data/tennis-game/GameState/GameState.cpp,./playground_data/tennis-game/GameState/GameState.cpp,"(77, 77)"
./playground_data/tennis-game/GameState/GameState.cpp,./playground_data/tennis-game/GameState/GameState.cpp,"(78, 78)"
./playground_data/tennis-game/GameState/GameState.cpp,./playground_data/tennis-game/GameState/GameState.cpp,"(79, 79)"
./playground_data/tennis-game/GameState/GameState.cpp,./playground_data/tennis-game/GameState/GameState.cpp,"(80, 80)"
./playground_data/tennis-game/GameState/GameState.cpp,./playground_data/tennis-game/GameState/GameState.cpp,"(81, 81)"
./playground_data/tennis-game/GameState/GameState.cpp,./playground_data/tennis-game/GameState/GameState.cpp,"(82, 82)"
./playground_data/tennis-game/GameState/GameState.cpp,./playground_data/tennis-game/GameState/GameState.cpp,"(83, 83)"
./playground_data/tennis-game/GameState/GameState.cpp,./playground_data/tennis-game/GameState/GameState.cpp,"(84, 84)"
./playground_data/tennis-game/GameState/GameState.cpp,./playground_data/tennis-game/GameState/GameState.cpp,"(85, 85)"
./playground_data/tennis-game/GameState/GameState.cpp,./playground_data/tennis-game/GameState/GameState.cpp,"(86, 86)"
./playground_data/tennis-game/GameState/GameState.cpp,./playground_data/tennis-game/GameState/GameState.cpp,"(87, 87)"
./playground_data/tennis-game/GameState/GameState.cpp,./playground_data/tennis-game/GameState/GameState.cpp,"(88, 88)"
./playground_data/tennis-game/GameState/GameState.cpp,./playground_data/tennis-game/GameState/GameState.cpp,"(89, 89)"
./playground_data/tennis-game/GameState/GameState.cpp,./playground_data/tennis-game/GameState/GameState.cpp,"(90, 90)"
./playground_data/tennis-game/GameState/GameState.cpp,./playground_data/tennis-game/GameState/GameState.cpp,"(91, 91)"
./playground_data/tennis-game/GameState/GameState.cpp,./playground_data/tennis-game/GameState/GameState.cpp,"(92, 92)"
./playground_data/tennis-game/GameState/GameState.cpp,./playground_data/tennis-game/GameState/GameState.cpp,"(93, 93)"
./playground_data/tennis-game/GameState/GameState.cpp,./playground_data/tennis-game/GameState/GameState.cpp,"(94, 94)"
./playground_data/tennis-game/GameState/GameState.cpp,./playground_data/tennis-game/GameState/GameState.cpp,"(95, 95)"
./playground_data/tennis-game/GameState/GameState.cpp,./playground_data/tennis-game/GameState/GameState.cpp,"(96, 96)"
./playground_data/tennis-game/GameState/GameState.cpp,./playground_data/tennis-game/GameState/GameState.cpp,"(97, 97)"
./playground_data/tennis-game/GameState/GameState.cpp,./playground_data/tennis-game/GameState/GameState.cpp,"(98, 98)"
./playground_data/tennis-game/GameState/GameState.cpp,./playground_data/tennis-game/GameState/GameState.cpp,"(99, 99)"
./playground_data/tennis-game/GameState/GameState.cpp,./playground_data/tennis-game/GameState/GameState.cpp,"(100, 100)"
./playground_data/tennis-game/GameState/GameState.cpp,./playground_data/tennis-game/GameState/GameState.cpp,"(101, 101)"
./playground_data/tennis-game/GameState/GameState.cpp,./playground_data/tennis-game/GameState/GameState.cpp,"(102, 102)"
./playground_data/tennis-game/GameState/GameState.cpp,./playground_data/tennis-game/GameState/GameState.cpp,"(103, 103)"
./playground_data/tennis-game/GameState/GameState.cpp,./playground_data/tennis-game/GameState/GameState.cpp,"(104, 104)"
./playground_data/tennis-game/GameState/GameState.cpp,./playground_data/tennis-game/GameState/GameState.cpp,"(105, 105)"
./playground_data/tennis-game/GameState/GameState.cpp,./playground_data/tennis-game/GameState/GameState.cpp,"(106, 106)"
./playground_data/tennis-game/GameState/GameState.cpp,./playground_data/tennis-game/GameState/GameState.cpp,"(107, 107)"
./playground_data/tennis-game/GameState/GameState.cpp,./playground_data/tennis-game/GameState/GameState.cpp,"(108, 108)"
./playground_data/tennis-game/GameState/GameState.cpp,./playground_data/tennis-game/GameState/GameState.cpp,"(109, 109)"
./playground_data/tennis-game/GameState/GameState.cpp,./playground_data/tennis-game/GameState/GameState.cpp,"(110, 110)"
./playground_data/tennis-game/GameState/GameState.cpp,./playground_data/tennis-game/GameState/GameState.cpp,"(111, 111)"
./playground_data/tennis-game/GameState/GameState.cpp,./playground_data/tennis-game/GameState/GameState.cpp,"(112, 112)"
./playground_data/tennis-game/GameState/GameState.cpp,./playground_data/tennis-game/GameState/GameState.cpp,"(113, 113)"
./playground_data/tennis-game/GameState/GameState.cpp,./playground_data/tennis-game/GameState/GameState.cpp,"(114, 114)"
./playground_data/tennis-game/GameState/GameState.h,./playground_data/tennis-game/GameState/GameState.h,"(9, 93)"
./playground_data/tennis-game/GameTimer/GameTimer.cpp,./playground_data/tennis-game/GameTimer/GameTimer.cpp,"(3, 3)"
./playground_data/tennis-game/GameTimer/GameTimer.cpp,./playground_data/tennis-game/GameTimer/GameTimer.cpp,"(4, 4)"
./playground_data/tennis-game/GameTimer/GameTimer.cpp,./playground_data/tennis-game/GameTimer/GameTimer.cpp,"(6, 6)"
./playground_data/tennis-game/GameTimer/GameTimer.cpp,./playground_data/tennis-game/GameTimer/GameTimer.cpp,"(8, 8)"
./playground_data/tennis-game/GameTimer/GameTimer.cpp,./playground_data/tennis-game/GameTimer/GameTimer.cpp,"(10, 14)"
./playground_data/tennis-game/GameTimer/GameTimer.h,./playground_data/tennis-game/GameTimer/GameTimer.h,"(6, 13)"
./playground_data/tennis-game/GameWinSequence/GameWinSequence.cpp,./playground_data/tennis-game/GameWinSequence/GameWinSequence.cpp,"(3, 3)"
./playground_data/tennis-game/GameWinSequence/GameWinSequence.cpp,./playground_data/tennis-game/GameWinSequence/GameWinSequence.cpp,"(4, 4)"
./playground_data/tennis-game/GameWinSequence/GameWinSequence.cpp,./playground_data/tennis-game/GameWinSequence/GameWinSequence.cpp,"(6, 14)"
./playground_data/tennis-game/GameWinSequence/GameWinSequence.h,./playground_data/tennis-game/GameWinSequence/GameWinSequence.h,"(9, 18)"
./playground_data/tennis-game/History/History.cpp,./playground_data/tennis-game/History/History.cpp,"(3, 3)"
./playground_data/tennis-game/History/History.cpp,./playground_data/tennis-game/History/History.cpp,"(4, 4)"
./playground_data/tennis-game/History/History.cpp,./playground_data/tennis-game/History/History.cpp,"(6, 6)"
./playground_data/tennis-game/History/History.cpp,./playground_data/tennis-game/History/History.cpp,"(8, 8)"
./playground_data/tennis-game/History/History.cpp,./playground_data/tennis-game/History/History.cpp,"(10, 14)"
./playground_data/tennis-game/History/History.h,./playground_data/tennis-game/History/History.h,"(8, 18)"
./playground_data/tennis-game/Inputs/Inputs.cpp,./playground_data/tennis-game/Inputs/Inputs.cpp,"(7, 16)"
./playground_data/tennis-game/Inputs/Inputs.cpp,./playground_data/tennis-game/Inputs/Inputs.cpp,"(17, 19)"
./playground_data/tennis-game/Inputs/Inputs.cpp,./playground_data/tennis-game/Inputs/Inputs.cpp,"(21, 24)"
./playground_data/tennis-game/Inputs/Inputs.cpp,./playground_data/tennis-game/Inputs/Inputs.cpp,"(26, 36)"
./playground_data/tennis-game/Inputs/Inputs.cpp,./playground_data/tennis-game/Inputs/Inputs.cpp,"(38, 54)"
./playground_data/tennis-game/Inputs/Inputs.cpp,./playground_data/tennis-game/Inputs/Inputs.cpp,"(56, 72)"
./playground_data/tennis-game/Inputs/Inputs.h,./playground_data/tennis-game/Inputs/Inputs.h,"(12, 31)"
./playground_data/tennis-game/Logger/Logger.cpp,./playground_data/tennis-game/Logger/Logger.cpp,"(9, 12)"
./playground_data/tennis-game/Logger/Logger.cpp,./playground_data/tennis-game/Logger/Logger.cpp,"(14, 17)"
./playground_data/tennis-game/Logger/Logger.cpp,./playground_data/tennis-game/Logger/Logger.cpp,"(19, 31)"
./playground_data/tennis-game/Logger/Logger.cpp,./playground_data/tennis-game/Logger/Logger.cpp,"(33, 38)"
./playground_data/tennis-game/Logger/Logger.cpp,./playground_data/tennis-game/Logger/Logger.cpp,"(40, 50)"
./playground_data/tennis-game/Logger/Logger.cpp,./playground_data/tennis-game/Logger/Logger.cpp,"(52, 59)"
./playground_data/tennis-game/Logger/Logger.h,./playground_data/tennis-game/Logger/Logger.h,"(9, 22)"
./playground_data/tennis-game/MatchWinSequence/MatchWinSequence.cpp,./playground_data/tennis-game/MatchWinSequence/MatchWinSequence.cpp,"(4, 4)"
./playground_data/tennis-game/MatchWinSequence/MatchWinSequence.cpp,./playground_data/tennis-game/MatchWinSequence/MatchWinSequence.cpp,"(5, 5)"
./playground_data/tennis-game/MatchWinSequence/MatchWinSequence.cpp,./playground_data/tennis-game/MatchWinSequence/MatchWinSequence.cpp,"(7, 18)"
./playground_data/tennis-game/MatchWinSequence/MatchWinSequence.h,./playground_data/tennis-game/MatchWinSequence/MatchWinSequence.h,"(12, 21)"
./playground_data/tennis-game/Mode1Functions/Mode1Functions.cpp,./playground_data/tennis-game/Mode1Functions/Mode1Functions.cpp,"(3, 15)"
./playground_data/tennis-game/Mode1Functions/Mode1Functions.cpp,./playground_data/tennis-game/Mode1Functions/Mode1Functions.cpp,"(17, 17)"
./playground_data/tennis-game/Mode1Functions/Mode1Functions.cpp,./playground_data/tennis-game/Mode1Functions/Mode1Functions.cpp,"(19, 22)"
./playground_data/tennis-game/Mode1Functions/Mode1Functions.cpp,./playground_data/tennis-game/Mode1Functions/Mode1Functions.cpp,"(24, 89)"
./playground_data/tennis-game/Mode1Functions/Mode1Functions.cpp,./playground_data/tennis-game/Mode1Functions/Mode1Functions.cpp,"(91, 93)"
./playground_data/tennis-game/Mode1Functions/Mode1Functions.cpp,./playground_data/tennis-game/Mode1Functions/Mode1Functions.cpp,"(95, 134)"
./playground_data/tennis-game/Mode1Functions/Mode1Functions.h,./playground_data/tennis-game/Mode1Functions/Mode1Functions.h,"(13, 13)"
./playground_data/tennis-game/Mode1Functions/Mode1Functions.h,./playground_data/tennis-game/Mode1Functions/Mode1Functions.h,"(18, 41)"
./playground_data/tennis-game/Mode1Score/Mode1Score.cpp,./playground_data/tennis-game/Mode1Score/Mode1Score.cpp,"(3, 17)"
./playground_data/tennis-game/Mode1Score/Mode1Score.cpp,./playground_data/tennis-game/Mode1Score/Mode1Score.cpp,"(18, 18)"
./playground_data/tennis-game/Mode1Score/Mode1Score.cpp,./playground_data/tennis-game/Mode1Score/Mode1Score.cpp,"(20, 24)"
./playground_data/tennis-game/Mode1Score/Mode1Score.cpp,./playground_data/tennis-game/Mode1Score/Mode1Score.cpp,"(26, 32)"
./playground_data/tennis-game/Mode1Score/Mode1Score.cpp,./playground_data/tennis-game/Mode1Score/Mode1Score.cpp,"(34, 51)"
./playground_data/tennis-game/Mode1Score/Mode1Score.cpp,./playground_data/tennis-game/Mode1Score/Mode1Score.cpp,"(53, 67)"
./playground_data/tennis-game/Mode1Score/Mode1Score.cpp,./playground_data/tennis-game/Mode1Score/Mode1Score.cpp,"(70, 116)"
./playground_data/tennis-game/Mode1Score/Mode1Score.cpp,./playground_data/tennis-game/Mode1Score/Mode1Score.cpp,"(118, 159)"
./playground_data/tennis-game/Mode1Score/Mode1Score.cpp,./playground_data/tennis-game/Mode1Score/Mode1Score.cpp,"(162, 191)"
./playground_data/tennis-game/Mode1Score/Mode1Score.cpp,./playground_data/tennis-game/Mode1Score/Mode1Score.cpp,"(193, 204)"
./playground_data/tennis-game/Mode1Score/Mode1Score.cpp,./playground_data/tennis-game/Mode1Score/Mode1Score.cpp,"(206, 230)"
./playground_data/tennis-game/Mode1Score/Mode1Score.cpp,./playground_data/tennis-game/Mode1Score/Mode1Score.cpp,"(232, 242)"
./playground_data/tennis-game/Mode1Score/Mode1Score.h,./playground_data/tennis-game/Mode1Score/Mode1Score.h,"(18, 48)"
./playground_data/tennis-game/Mode1Tiebreaker/Mode1Tiebreaker.cpp,./playground_data/tennis-game/Mode1Tiebreaker/Mode1Tiebreaker.cpp,"(3, 18)"
./playground_data/tennis-game/Mode1Tiebreaker/Mode1Tiebreaker.cpp,./playground_data/tennis-game/Mode1Tiebreaker/Mode1Tiebreaker.cpp,"(20, 20)"
./playground_data/tennis-game/Mode1Tiebreaker/Mode1Tiebreaker.cpp,./playground_data/tennis-game/Mode1Tiebreaker/Mode1Tiebreaker.cpp,"(22, 25)"
./playground_data/tennis-game/Mode1Tiebreaker/Mode1Tiebreaker.cpp,./playground_data/tennis-game/Mode1Tiebreaker/Mode1Tiebreaker.cpp,"(27, 30)"
./playground_data/tennis-game/Mode1Tiebreaker/Mode1Tiebreaker.cpp,./playground_data/tennis-game/Mode1Tiebreaker/Mode1Tiebreaker.cpp,"(32, 62)"
./playground_data/tennis-game/Mode1Tiebreaker/Mode1Tiebreaker.cpp,./playground_data/tennis-game/Mode1Tiebreaker/Mode1Tiebreaker.cpp,"(64, 64)"
./playground_data/tennis-game/Mode1Tiebreaker/Mode1Tiebreaker.cpp,./playground_data/tennis-game/Mode1Tiebreaker/Mode1Tiebreaker.cpp,"(66, 98)"
./playground_data/tennis-game/Mode1Tiebreaker/Mode1Tiebreaker.cpp,./playground_data/tennis-game/Mode1Tiebreaker/Mode1Tiebreaker.cpp,"(100, 100)"
./playground_data/tennis-game/Mode1Tiebreaker/Mode1Tiebreaker.cpp,./playground_data/tennis-game/Mode1Tiebreaker/Mode1Tiebreaker.cpp,"(102, 127)"
./playground_data/tennis-game/Mode1Tiebreaker/Mode1Tiebreaker.cpp,./playground_data/tennis-game/Mode1Tiebreaker/Mode1Tiebreaker.cpp,"(129, 147)"
./playground_data/tennis-game/Mode1Tiebreaker/Mode1Tiebreaker.cpp,./playground_data/tennis-game/Mode1Tiebreaker/Mode1Tiebreaker.cpp,"(149, 158)"
./playground_data/tennis-game/Mode1Tiebreaker/Mode1Tiebreaker.cpp,./playground_data/tennis-game/Mode1Tiebreaker/Mode1Tiebreaker.cpp,"(160, 185)"
./playground_data/tennis-game/Mode1Tiebreaker/Mode1Tiebreaker.cpp,./playground_data/tennis-game/Mode1Tiebreaker/Mode1Tiebreaker.cpp,"(187, 218)"
./playground_data/tennis-game/Mode1Tiebreaker/Mode1Tiebreaker.cpp,./playground_data/tennis-game/Mode1Tiebreaker/Mode1Tiebreaker.cpp,"(220, 233)"
./playground_data/tennis-game/Mode1Tiebreaker/Mode1Tiebreaker.cpp,./playground_data/tennis-game/Mode1Tiebreaker/Mode1Tiebreaker.cpp,"(235, 248)"
./playground_data/tennis-game/Mode1Tiebreaker/Mode1Tiebreaker.h,./playground_data/tennis-game/Mode1Tiebreaker/Mode1Tiebreaker.h,"(18, 60)"
./playground_data/tennis-game/Mode2Functions/Mode2Functions.cpp,./playground_data/tennis-game/Mode2Functions/Mode2Functions.cpp,"(3, 12)"
./playground_data/tennis-game/Mode2Functions/Mode2Functions.cpp,./playground_data/tennis-game/Mode2Functions/Mode2Functions.cpp,"(14, 14)"
./playground_data/tennis-game/Mode2Functions/Mode2Functions.cpp,./playground_data/tennis-game/Mode2Functions/Mode2Functions.cpp,"(16, 106)"
./playground_data/tennis-game/Mode2Functions/Mode2Functions.cpp,./playground_data/tennis-game/Mode2Functions/Mode2Functions.cpp,"(108, 146)"
./playground_data/tennis-game/Mode2Functions/Mode2Functions.h,./playground_data/tennis-game/Mode2Functions/Mode2Functions.h,"(14, 31)"
./playground_data/tennis-game/NumberDrawer/NumberDrawer.cpp,./playground_data/tennis-game/NumberDrawer/NumberDrawer.cpp,"(3, 4)"
./playground_data/tennis-game/NumberDrawer/NumberDrawer.cpp,./playground_data/tennis-game/NumberDrawer/NumberDrawer.cpp,"(6, 7)"
./playground_data/tennis-game/NumberDrawer/NumberDrawer.h,./playground_data/tennis-game/NumberDrawer/NumberDrawer.h,"(9, 22)"
./playground_data/tennis-game/PinInterface/PinInterface.cpp,./playground_data/tennis-game/PinInterface/PinInterface.cpp,"(4, 4)"
./playground_data/tennis-game/PinInterface/PinInterface.cpp,./playground_data/tennis-game/PinInterface/PinInterface.cpp,"(5, 5)"
./playground_data/tennis-game/PinInterface/PinInterface.cpp,./playground_data/tennis-game/PinInterface/PinInterface.cpp,"(7, 10)"
./playground_data/tennis-game/PinInterface/PinInterface.cpp,./playground_data/tennis-game/PinInterface/PinInterface.cpp,"(12, 14)"
./playground_data/tennis-game/PinInterface/PinInterface.cpp,./playground_data/tennis-game/PinInterface/PinInterface.cpp,"(16, 16)"
./playground_data/tennis-game/PinInterface/PinInterface.cpp,./playground_data/tennis-game/PinInterface/PinInterface.cpp,"(18, 18)"
./playground_data/tennis-game/PinInterface/PinInterface.cpp,./playground_data/tennis-game/PinInterface/PinInterface.cpp,"(20, 20)"
./playground_data/tennis-game/PinInterface/PinInterface.h,./playground_data/tennis-game/PinInterface/PinInterface.h,"(8, 21)"
./playground_data/tennis-game/PinState/PinState.cpp,./playground_data/tennis-game/PinState/PinState.cpp,"(3, 3)"
./playground_data/tennis-game/PinState/PinState.cpp,./playground_data/tennis-game/PinState/PinState.cpp,"(4, 4)"
./playground_data/tennis-game/PinState/PinState.cpp,./playground_data/tennis-game/PinState/PinState.cpp,"(6, 19)"
./playground_data/tennis-game/PinState/PinState.cpp,./playground_data/tennis-game/PinState/PinState.cpp,"(21, 27)"
./playground_data/tennis-game/PinState/PinState.cpp,./playground_data/tennis-game/PinState/PinState.cpp,"(29, 29)"
./playground_data/tennis-game/PinState/PinState.cpp,./playground_data/tennis-game/PinState/PinState.cpp,"(31, 31)"
./playground_data/tennis-game/PinState/PinState.h,./playground_data/tennis-game/PinState/PinState.h,"(9, 21)"
./playground_data/tennis-game/Player/Player.cpp,./playground_data/tennis-game/Player/Player.cpp,"(3, 6)"
./playground_data/tennis-game/Player/Player.cpp,./playground_data/tennis-game/Player/Player.cpp,"(7, 7)"
./playground_data/tennis-game/Player/Player.cpp,./playground_data/tennis-game/Player/Player.cpp,"(9, 9)"
./playground_data/tennis-game/Player/Player.cpp,./playground_data/tennis-game/Player/Player.cpp,"(10, 10)"
./playground_data/tennis-game/Player/Player.cpp,./playground_data/tennis-game/Player/Player.cpp,"(11, 17)"
./playground_data/tennis-game/Player/Player.cpp,./playground_data/tennis-game/Player/Player.cpp,"(17, 17)"
./playground_data/tennis-game/Player/Player.cpp,./playground_data/tennis-game/Player/Player.cpp,"(18, 18)"
./playground_data/tennis-game/Player/Player.cpp,./playground_data/tennis-game/Player/Player.cpp,"(18, 18)"
./playground_data/tennis-game/Player/Player.cpp,./playground_data/tennis-game/Player/Player.cpp,"(19, 19)"
./playground_data/tennis-game/Player/Player.cpp,./playground_data/tennis-game/Player/Player.cpp,"(19, 19)"
./playground_data/tennis-game/Player/Player.cpp,./playground_data/tennis-game/Player/Player.cpp,"(20, 20)"
./playground_data/tennis-game/Player/Player.cpp,./playground_data/tennis-game/Player/Player.cpp,"(20, 20)"
./playground_data/tennis-game/Player/Player.cpp,./playground_data/tennis-game/Player/Player.cpp,"(21, 21)"
./playground_data/tennis-game/Player/Player.cpp,./playground_data/tennis-game/Player/Player.cpp,"(21, 21)"
./playground_data/tennis-game/Player/Player.cpp,./playground_data/tennis-game/Player/Player.cpp,"(22, 22)"
./playground_data/tennis-game/Player/Player.cpp,./playground_data/tennis-game/Player/Player.cpp,"(22, 22)"
./playground_data/tennis-game/Player/Player.cpp,./playground_data/tennis-game/Player/Player.cpp,"(23, 23)"
./playground_data/tennis-game/Player/Player.cpp,./playground_data/tennis-game/Player/Player.cpp,"(24, 24)"
./playground_data/tennis-game/Player/Player.cpp,./playground_data/tennis-game/Player/Player.cpp,"(26, 28)"
./playground_data/tennis-game/Player/Player.cpp,./playground_data/tennis-game/Player/Player.cpp,"(29, 29)"
./playground_data/tennis-game/Player/Player.cpp,./playground_data/tennis-game/Player/Player.cpp,"(31, 31)"
./playground_data/tennis-game/Player/Player.cpp,./playground_data/tennis-game/Player/Player.cpp,"(31, 31)"
./playground_data/tennis-game/Player/Player.h,./playground_data/tennis-game/Player/Player.h,"(5, 5)"
./playground_data/tennis-game/Player/Player.h,./playground_data/tennis-game/Player/Player.h,"(6, 35)"
./playground_data/tennis-game/PointLeds/PointLeds.cpp,./playground_data/tennis-game/PointLeds/PointLeds.cpp,"(3, 6)"
./playground_data/tennis-game/PointLeds/PointLeds.cpp,./playground_data/tennis-game/PointLeds/PointLeds.cpp,"(8, 11)"
./playground_data/tennis-game/PointLeds/PointLeds.cpp,./playground_data/tennis-game/PointLeds/PointLeds.cpp,"(14, 14)"
./playground_data/tennis-game/PointLeds/PointLeds.cpp,./playground_data/tennis-game/PointLeds/PointLeds.cpp,"(16, 18)"
./playground_data/tennis-game/PointLeds/PointLeds.cpp,./playground_data/tennis-game/PointLeds/PointLeds.cpp,"(20, 82)"
./playground_data/tennis-game/PointLeds/PointLeds.cpp,./playground_data/tennis-game/PointLeds/PointLeds.cpp,"(84, 86)"
./playground_data/tennis-game/PointLeds/PointLeds.h,./playground_data/tennis-game/PointLeds/PointLeds.h,"(10, 24)"
./playground_data/tennis-game/Reset/RESET.cpp,./playground_data/tennis-game/Reset/RESET.cpp,"(3, 12)"
./playground_data/tennis-game/Reset/RESET.cpp,./playground_data/tennis-game/Reset/RESET.cpp,"(13, 16)"
./playground_data/tennis-game/Reset/RESET.cpp,./playground_data/tennis-game/Reset/RESET.cpp,"(18, 72)"
./playground_data/tennis-game/Reset/RESET.cpp,./playground_data/tennis-game/Reset/RESET.cpp,"(74, 81)"
./playground_data/tennis-game/Reset/RESET.cpp,./playground_data/tennis-game/Reset/RESET.cpp,"(83, 87)"
./playground_data/tennis-game/Reset/RESET.cpp,./playground_data/tennis-game/Reset/RESET.cpp,"(89, 93)"
./playground_data/tennis-game/Reset/RESET.cpp,./playground_data/tennis-game/Reset/RESET.cpp,"(95, 104)"
./playground_data/tennis-game/Reset/Reset.cpp,./playground_data/tennis-game/Reset/Reset.cpp,"(3, 12)"
./playground_data/tennis-game/Reset/Reset.cpp,./playground_data/tennis-game/Reset/Reset.cpp,"(13, 16)"
./playground_data/tennis-game/Reset/Reset.cpp,./playground_data/tennis-game/Reset/Reset.cpp,"(18, 72)"
./playground_data/tennis-game/Reset/Reset.cpp,./playground_data/tennis-game/Reset/Reset.cpp,"(74, 81)"
./playground_data/tennis-game/Reset/Reset.cpp,./playground_data/tennis-game/Reset/Reset.cpp,"(83, 87)"
./playground_data/tennis-game/Reset/Reset.cpp,./playground_data/tennis-game/Reset/Reset.cpp,"(89, 93)"
./playground_data/tennis-game/Reset/Reset.cpp,./playground_data/tennis-game/Reset/Reset.cpp,"(95, 104)"
./playground_data/tennis-game/Reset/RESET.h,./playground_data/tennis-game/Reset/RESET.h,"(12, 31)"
./playground_data/tennis-game/Reset/Reset.h,./playground_data/tennis-game/Reset/Reset.h,"(12, 31)"
./playground_data/tennis-game/ScoreBoard/ScoreBoard.cpp,./playground_data/tennis-game/ScoreBoard/ScoreBoard.cpp,"(3, 54)"
./playground_data/tennis-game/ScoreBoard/ScoreBoard.cpp,./playground_data/tennis-game/ScoreBoard/ScoreBoard.cpp,"(56, 58)"
./playground_data/tennis-game/ScoreBoard/ScoreBoard.cpp,./playground_data/tennis-game/ScoreBoard/ScoreBoard.cpp,"(60, 60)"
./playground_data/tennis-game/ScoreBoard/ScoreBoard.cpp,./playground_data/tennis-game/ScoreBoard/ScoreBoard.cpp,"(62, 64)"
./playground_data/tennis-game/ScoreBoard/ScoreBoard.cpp,./playground_data/tennis-game/ScoreBoard/ScoreBoard.cpp,"(66, 75)"
./playground_data/tennis-game/ScoreBoard/ScoreBoard.cpp,./playground_data/tennis-game/ScoreBoard/ScoreBoard.cpp,"(77, 87)"
./playground_data/tennis-game/ScoreBoard/ScoreBoard.cpp,./playground_data/tennis-game/ScoreBoard/ScoreBoard.cpp,"(89, 98)"
./playground_data/tennis-game/ScoreBoard/ScoreBoard.cpp,./playground_data/tennis-game/ScoreBoard/ScoreBoard.cpp,"(100, 101)"
./playground_data/tennis-game/ScoreBoard/ScoreBoard.cpp,./playground_data/tennis-game/ScoreBoard/ScoreBoard.cpp,"(103, 115)"
./playground_data/tennis-game/ScoreBoard/ScoreBoard.cpp,./playground_data/tennis-game/ScoreBoard/ScoreBoard.cpp,"(117, 126)"
./playground_data/tennis-game/ScoreBoard/ScoreBoard.h,./playground_data/tennis-game/ScoreBoard/ScoreBoard.h,"(20, 43)"
./playground_data/tennis-game/ScoreBoard/ScoreBoard_prod.cpp,./playground_data/tennis-game/ScoreBoard/ScoreBoard_prod.cpp,"(3, 56)"
./playground_data/tennis-game/ScoreBoard/ScoreBoard_prod.cpp,./playground_data/tennis-game/ScoreBoard/ScoreBoard_prod.cpp,"(58, 62)"
./playground_data/tennis-game/ScoreBoard/ScoreBoard_prod.cpp,./playground_data/tennis-game/ScoreBoard/ScoreBoard_prod.cpp,"(64, 77)"
./playground_data/tennis-game/ScoreBoard/ScoreBoard_prod.cpp,./playground_data/tennis-game/ScoreBoard/ScoreBoard_prod.cpp,"(79, 80)"
./playground_data/tennis-game/ScoreBoard/ScoreBoard_prod.cpp,./playground_data/tennis-game/ScoreBoard/ScoreBoard_prod.cpp,"(82, 93)"
./playground_data/tennis-game/ScoreBoard/ScoreBoard_prod.cpp,./playground_data/tennis-game/ScoreBoard/ScoreBoard_prod.cpp,"(96, 105)"
./playground_data/tennis-game/ScoreBoard/ScoreBoard_prod.cpp,./playground_data/tennis-game/ScoreBoard/ScoreBoard_prod.cpp,"(107, 127)"
./playground_data/tennis-game/ServeLeds/ServeLeds.cpp,./playground_data/tennis-game/ServeLeds/ServeLeds.cpp,"(3, 4)"
./playground_data/tennis-game/ServeLeds/ServeLeds.cpp,./playground_data/tennis-game/ServeLeds/ServeLeds.cpp,"(5, 5)"
./playground_data/tennis-game/ServeLeds/ServeLeds.cpp,./playground_data/tennis-game/ServeLeds/ServeLeds.cpp,"(7, 24)"
./playground_data/tennis-game/ServeLeds/ServeLeds.cpp,./playground_data/tennis-game/ServeLeds/ServeLeds.cpp,"(26, 42)"
./playground_data/tennis-game/ServeLeds/ServeLeds.h,./playground_data/tennis-game/ServeLeds/ServeLeds.h,"(9, 19)"
./playground_data/tennis-game/SetDrawer/SetDrawer.cpp,./playground_data/tennis-game/SetDrawer/SetDrawer.cpp,"(3, 9)"
./playground_data/tennis-game/SetDrawer/SetDrawer.cpp,./playground_data/tennis-game/SetDrawer/SetDrawer.cpp,"(11, 11)"
./playground_data/tennis-game/SetDrawer/SetDrawer.cpp,./playground_data/tennis-game/SetDrawer/SetDrawer.cpp,"(13, 18)"
./playground_data/tennis-game/SetDrawer/SetDrawer.cpp,./playground_data/tennis-game/SetDrawer/SetDrawer.cpp,"(20, 32)"
./playground_data/tennis-game/SetDrawer/SetDrawer.h,./playground_data/tennis-game/SetDrawer/SetDrawer.h,"(18, 29)"
./playground_data/tennis-game/SetHistoryText/ScoreBoardSetTest.cpp,./playground_data/tennis-game/SetHistoryText/ScoreBoardSetTest.cpp,"(6, 31)"
./playground_data/tennis-game/SetHistoryText/ScoreBoardSetTest.cpp,./playground_data/tennis-game/SetHistoryText/ScoreBoardSetTest.cpp,"(8, 8)"
./playground_data/tennis-game/SetHistoryText/ScoreBoardSetTest.cpp,./playground_data/tennis-game/SetHistoryText/ScoreBoardSetTest.cpp,"(9, 9)"
./playground_data/tennis-game/SetHistoryText/ScoreBoardSetTest.cpp,./playground_data/tennis-game/SetHistoryText/ScoreBoardSetTest.cpp,"(11, 17)"
./playground_data/tennis-game/SetHistoryText/ScoreBoardSetTest.cpp,./playground_data/tennis-game/SetHistoryText/ScoreBoardSetTest.cpp,"(19, 24)"
./playground_data/tennis-game/SetHistoryText/ScoreBoardSetTest.cpp,./playground_data/tennis-game/SetHistoryText/ScoreBoardSetTest.cpp,"(33, 46)"
./playground_data/tennis-game/SetHistoryText/ScoreBoardSetTest.cpp,./playground_data/tennis-game/SetHistoryText/ScoreBoardSetTest.cpp,"(48, 50)"
./playground_data/tennis-game/SetHistoryText/SetHistoryText.cpp,./playground_data/tennis-game/SetHistoryText/SetHistoryText.cpp,"(3, 3)"
./playground_data/tennis-game/SetHistoryText/SetHistoryText.cpp,./playground_data/tennis-game/SetHistoryText/SetHistoryText.cpp,"(4, 4)"
./playground_data/tennis-game/SetHistoryText/SetHistoryText.cpp,./playground_data/tennis-game/SetHistoryText/SetHistoryText.cpp,"(6, 8)"
./playground_data/tennis-game/SetHistoryText/SetHistoryText.cpp,./playground_data/tennis-game/SetHistoryText/SetHistoryText.cpp,"(10, 17)"
./playground_data/tennis-game/SetHistoryText/SetHistoryText.h,./playground_data/tennis-game/SetHistoryText/SetHistoryText.h,"(9, 17)"
./playground_data/tennis-game/SetHistoryText/SetHistoryTextTest.cpp,./playground_data/tennis-game/SetHistoryText/SetHistoryTextTest.cpp,"(4, 18)"
./playground_data/tennis-game/SetHistoryText/SetHistoryTextTest.cpp,./playground_data/tennis-game/SetHistoryText/SetHistoryTextTest.cpp,"(6, 6)"
./playground_data/tennis-game/SetHistoryText/SetHistoryTextTest.cpp,./playground_data/tennis-game/SetHistoryText/SetHistoryTextTest.cpp,"(7, 7)"
./playground_data/tennis-game/SetHistoryText/SetHistoryTextTest.cpp,./playground_data/tennis-game/SetHistoryText/SetHistoryTextTest.cpp,"(9, 11)"
./playground_data/tennis-game/SetHistoryText/SetHistoryTextTest.cpp,./playground_data/tennis-game/SetHistoryText/SetHistoryTextTest.cpp,"(13, 15)"
./playground_data/tennis-game/SetHistoryText/SetHistoryTextTest.cpp,./playground_data/tennis-game/SetHistoryText/SetHistoryTextTest.cpp,"(20, 28)"
./playground_data/tennis-game/SetLeds/SetLeds.cpp,./playground_data/tennis-game/SetLeds/SetLeds.cpp,"(5, 6)"
./playground_data/tennis-game/SetLeds/SetLeds.cpp,./playground_data/tennis-game/SetLeds/SetLeds.cpp,"(8, 8)"
./playground_data/tennis-game/SetLeds/SetLeds.cpp,./playground_data/tennis-game/SetLeds/SetLeds.cpp,"(10, 10)"
./playground_data/tennis-game/SetLeds/SetLeds.cpp,./playground_data/tennis-game/SetLeds/SetLeds.cpp,"(19, 97)"
./playground_data/tennis-game/SetLeds/SetLeds.h,./playground_data/tennis-game/SetLeds/SetLeds.h,"(9, 20)"
./playground_data/tennis-game/SetWin/SetWin.cpp,./playground_data/tennis-game/SetWin/SetWin.cpp,"(3, 4)"
./playground_data/tennis-game/SetWin/SetWin.cpp,./playground_data/tennis-game/SetWin/SetWin.cpp,"(5, 5)"
./playground_data/tennis-game/SetWin/SetWin.cpp,./playground_data/tennis-game/SetWin/SetWin.cpp,"(7, 17)"
./playground_data/tennis-game/SetWin/SetWin.h,./playground_data/tennis-game/SetWin/SetWin.h,"(12, 22)"
./playground_data/tennis-game/SubjectManager/SubjectManager.cpp,./playground_data/tennis-game/SubjectManager/SubjectManager.cpp,"(7, 9)"
./playground_data/tennis-game/SubjectManager/SubjectManager.cpp,./playground_data/tennis-game/SubjectManager/SubjectManager.cpp,"(10, 13)"
./playground_data/tennis-game/SubjectManager/SubjectManager.cpp,./playground_data/tennis-game/SubjectManager/SubjectManager.cpp,"(16, 60)"
./playground_data/tennis-game/SubjectManager/SubjectManager.cpp,./playground_data/tennis-game/SubjectManager/SubjectManager.cpp,"(62, 62)"
./playground_data/tennis-game/SubjectManager/SubjectManager.h,./playground_data/tennis-game/SubjectManager/SubjectManager.h,"(7, 14)"
./playground_data/tennis-game/TextDrawer/TextDrawer.cpp,./playground_data/tennis-game/TextDrawer/TextDrawer.cpp,"(3, 3)"
./playground_data/tennis-game/TextDrawer/TextDrawer.cpp,./playground_data/tennis-game/TextDrawer/TextDrawer.cpp,"(5, 7)"
./playground_data/tennis-game/TextDrawer/TextDrawer.h,./playground_data/tennis-game/TextDrawer/TextDrawer.h,"(7, 22)"
./playground_data/tennis-game/TieLeds/TieLeds.cpp,./playground_data/tennis-game/TieLeds/TieLeds.cpp,"(3, 3)"
./playground_data/tennis-game/TieLeds/TieLeds.cpp,./playground_data/tennis-game/TieLeds/TieLeds.cpp,"(4, 4)"
./playground_data/tennis-game/TieLeds/TieLeds.cpp,./playground_data/tennis-game/TieLeds/TieLeds.cpp,"(6, 9)"
./playground_data/tennis-game/TieLeds/TieLeds.cpp,./playground_data/tennis-game/TieLeds/TieLeds.cpp,"(11, 14)"
./playground_data/tennis-game/TieLeds/TieLeds.h,./playground_data/tennis-game/TieLeds/TieLeds.h,"(11, 20)"
./playground_data/tennis-game/TranslateConstant/TranslateConstant.cpp,./playground_data/tennis-game/TranslateConstant/TranslateConstant.cpp,"(3, 40)"
./playground_data/tennis-game/TranslateConstant/TranslateConstant.cpp,./playground_data/tennis-game/TranslateConstant/TranslateConstant.cpp,"(42, 42)"
./playground_data/tennis-game/TranslateConstant/TranslateConstant.cpp,./playground_data/tennis-game/TranslateConstant/TranslateConstant.cpp,"(44, 46)"
./playground_data/tennis-game/TranslateConstant/TranslateConstant.cpp,./playground_data/tennis-game/TranslateConstant/TranslateConstant.cpp,"(48, 50)"
./playground_data/tennis-game/TranslateConstant/TranslateConstant.h,./playground_data/tennis-game/TranslateConstant/TranslateConstant.h,"(8, 18)"
./playground_data/tennis-game/Undo/Undo.cpp,./playground_data/tennis-game/Undo/Undo.cpp,"(3, 11)"
./playground_data/tennis-game/Undo/Undo.cpp,./playground_data/tennis-game/Undo/Undo.cpp,"(12, 14)"
./playground_data/tennis-game/Undo/Undo.cpp,./playground_data/tennis-game/Undo/Undo.cpp,"(16, 23)"
./playground_data/tennis-game/Undo/Undo.cpp,./playground_data/tennis-game/Undo/Undo.cpp,"(25, 59)"
./playground_data/tennis-game/Undo/Undo.cpp,./playground_data/tennis-game/Undo/Undo.cpp,"(61, 101)"
./playground_data/tennis-game/Undo/Undo.h,./playground_data/tennis-game/Undo/Undo.h,"(16, 34)"
./playground_data/tennis-game/WatchTimer/WatchTimer.cpp,./playground_data/tennis-game/WatchTimer/WatchTimer.cpp,"(3, 3)"
./playground_data/tennis-game/WatchTimer/WatchTimer.cpp,./playground_data/tennis-game/WatchTimer/WatchTimer.cpp,"(4, 4)"
./playground_data/tennis-game/WatchTimer/WatchTimer.cpp,./playground_data/tennis-game/WatchTimer/WatchTimer.cpp,"(6, 14)"
./playground_data/tennis-game/WatchTimer/WatchTimer.h,./playground_data/tennis-game/WatchTimer/WatchTimer.h,"(7, 14)"
./playground_data/tennis-game/WebLiquidCrystal/WebLiquidCrystal.cpp,./playground_data/tennis-game/WebLiquidCrystal/WebLiquidCrystal.cpp,"(3, 3)"
./playground_data/tennis-game/WebLiquidCrystal/WebLiquidCrystal.cpp,./playground_data/tennis-game/WebLiquidCrystal/WebLiquidCrystal.cpp,"(4, 4)"
./playground_data/tennis-game/WebLiquidCrystal/WebLiquidCrystal.h,./playground_data/tennis-game/WebLiquidCrystal/WebLiquidCrystal.h,"(8, 18)"
./playground_data/tennis-game/WinSequence/WinSequence.cpp,./playground_data/tennis-game/WinSequence/WinSequence.cpp,"(7, 7)"
./playground_data/tennis-game/WinSequence/WinSequence.cpp,./playground_data/tennis-game/WinSequence/WinSequence.cpp,"(8, 8)"
./playground_data/tennis-game/WinSequence/WinSequence.cpp,./playground_data/tennis-game/WinSequence/WinSequence.cpp,"(10, 34)"
./playground_data/tennis-game/WinSequence/WinSequence.h,./playground_data/tennis-game/WinSequence/WinSequence.h,"(10, 19)"
./playground_data/tennis-game/WinSequences/WinSequences.cpp,./playground_data/tennis-game/WinSequences/WinSequences.cpp,"(3, 5)"
./playground_data/tennis-game/WinSequences/WinSequences.cpp,./playground_data/tennis-game/WinSequences/WinSequences.cpp,"(7, 20)"
./playground_data/tennis-game/WinSequences/WinSequences.cpp,./playground_data/tennis-game/WinSequences/WinSequences.cpp,"(22, 25)"
./playground_data/tennis-game/WinSequences/WinSequences.cpp,./playground_data/tennis-game/WinSequences/WinSequences.cpp,"(27, 42)"
./playground_data/tennis-game/WinSequences/WinSequences.cpp,./playground_data/tennis-game/WinSequences/WinSequences.cpp,"(44, 46)"
./playground_data/tennis-game/WinSequences/WinSequences.cpp,./playground_data/tennis-game/WinSequences/WinSequences.cpp,"(48, 54)"
./playground_data/tennis-game/WinSequences/WinSequences.cpp,./playground_data/tennis-game/WinSequences/WinSequences.cpp,"(56, 72)"
./playground_data/tennis-game/WinSequences/WinSequences.cpp,./playground_data/tennis-game/WinSequences/WinSequences.cpp,"(74, 76)"
./playground_data/tennis-game/WinSequences/WinSequences.cpp,./playground_data/tennis-game/WinSequences/WinSequences.cpp,"(91, 97)"
./playground_data/tennis-game/WinSequences/WinSequences.cpp,./playground_data/tennis-game/WinSequences/WinSequences.cpp,"(99, 114)"
./playground_data/tennis-game/WinSequences/WinSequences.cpp,./playground_data/tennis-game/WinSequences/WinSequences.cpp,"(116, 131)"
./playground_data/tennis-game/WinSequences/WinSequences.cpp,./playground_data/tennis-game/WinSequences/WinSequences.cpp,"(134, 147)"
./playground_data/tennis-game/WinSequences/WinSequences.cpp,./playground_data/tennis-game/WinSequences/WinSequences.cpp,"(149, 162)"
./playground_data/tennis-game/WinSequences/WinSequences.cpp,./playground_data/tennis-game/WinSequences/WinSequences.cpp,"(167, 176)"
./playground_data/tennis-game/WinSequences/WinSequences.cpp,./playground_data/tennis-game/WinSequences/WinSequences.cpp,"(178, 186)"
./playground_data/tennis-game/WinSequences/WinSequences.cpp,./playground_data/tennis-game/WinSequences/WinSequences.cpp,"(189, 195)"
./playground_data/tennis-game/WinSequences/WinSequences.cpp,./playground_data/tennis-game/WinSequences/WinSequences.cpp,"(197, 203)"
./playground_data/tennis-game/WinSequences/WinSequences.cpp,./playground_data/tennis-game/WinSequences/WinSequences.cpp,"(205, 208)"
./playground_data/tennis-game/WinSequences/WinSequences.cpp,./playground_data/tennis-game/WinSequences/WinSequences.cpp,"(210, 213)"
./playground_data/tennis-game/WinSequences/WinSequences.h,./playground_data/tennis-game/WinSequences/WinSequences.h,"(19, 55)"
